{
  "gizmos-infos": {
    "is2D": true,
    "is3DIcon": false,
    "iconSize": 2,
    "gridVisible": true,
    "gridColor": [
      166,
      166,
      166,
      255
    ],
    "transformToolName": "position",
    "pivot": "pivot",
    "coordinate": "local",
    "toolsVisibility3d": true
  },
  "__version__": "1.0.0",
  "builder": {},
  "snap-configs": {
    "position": {
      "x": 1,
      "y": 1,
      "z": 1
    },
    "rotation": 1,
    "scale": 1,
    "isPositionSnapEnabled": false,
    "isRotationSnapEnabled": false,
    "isScaleSnapEnabled": false
  },
  "rect-snap-configs": {
    "enableSnapping": true,
    "snapThreshold": 4
  },
  "camera-infos": {
    "43238840-1f85-4458-a7a9-d4caaf0cf8b7": {
      "position": {
        "x": -108.22222222222217,
        "y": 775,
        "z": 5000
      },
      "rotation": {
        "x": 0,
        "y": 0,
        "z": 0,
        "w": 1
      },
      "viewCenter": {
        "x": 0,
        "y": 0,
        "z": 0
      },
      "contentRect": {
        "x": -329.1878523367885,
        "y": 443.55155482815053,
        "width": 136.36811594202908,
        "height": 611
      },
      "scale": 0.8855072463768116
    },
    "c77ecaa8-c936-46c4-a5b0-98692673ed87": {
      "position": {
        "x": 391.92499999999995,
        "y": 389.1233333333333,
        "z": 5000
      },
      "rotation": {
        "x": 0,
        "y": 0,
        "z": 0,
        "w": 1
      },
      "viewCenter": {
        "x": 0,
        "y": 0,
        "z": 0
      },
      "contentRect": {
        "x": 291.8333333333333,
        "y": 0,
        "width": 939.9107142857143,
        "height": 550
      },
      "scale": 0.9821428571428572
    },
    "f18df699-8e83-4ff8-8581-bafeb09047b7": {
      "position": {
        "x": 478.5,
        "y": 298.5,
        "z": 5000
      },
      "rotation": {
        "x": 0,
        "y": 0,
        "z": 0,
        "w": 1
      },
      "viewCenter": {
        "x": 0,
        "y": 0,
        "z": 0
      },
      "contentRect": {
        "x": 0,
        "y": 0,
        "width": 940.9698492462312,
        "height": 587
      },
      "scale": 0.983249581239531
    }
  },
  "camera-uuids": [
    "43238840-1f85-4458-a7a9-d4caaf0cf8b7",
    "c77ecaa8-c936-46c4-a5b0-98692673ed87",
    "f18df699-8e83-4ff8-8581-bafeb09047b7"
  ],
  "camera": {
    "color": [
      48,
      48,
      48,
      255
    ],
    "fov": 45,
    "far": 10000,
    "near": 0.01,
    "wheelSpeed": 0.01,
    "wanderSpeed": 10,
    "enableAcceleration": true,
    "size": "__default_design__",
    "far2D": 10000,
    "near2D": 1,
    "wheelSpeed2D": 6,
    "iso": 0,
    "aperture": 19,
    "shutter": 7
  },
  "scene_view": {
    "isSceneLightOn": true,
    "output_device": "__default_design__"
  },
  "float-window": {
    "position": {
      "cc": {
        "Camera": {
          "dock": false,
          "top": null,
          "bottom": 10,
          "left": null,
          "right": 10
        }
      }
    }
  },
  "game-view": {
    "fps": 60,
    "devicesInfo": {
      "name": "i18n:scene.game_view.free_aspect",
      "type": "free",
      "width": 0,
      "height": 0
    }
  }
}
