{
  "gizmos-infos": {
    "is2D": true,
    "is3DIcon": false,
    "iconSize": 2,
    "gridVisible": true,
    "gridColor": [
      166,
      166,
      166,
      255
    ],
    "transformToolName": "position",
    "pivot": "pivot",
    "coordinate": "local",
    "toolsVisibility3d": true
  },
  "__version__": "1.0.0",
  "builder": {},
  "snap-configs": {
    "position": {
      "x": 1,
      "y": 1,
      "z": 1
    },
    "rotation": 1,
    "scale": 1,
    "isPositionSnapEnabled": false,
    "isRotationSnapEnabled": false,
    "isScaleSnapEnabled": false
  },
  "rect-snap-configs": {
    "enableSnapping": true,
    "snapThreshold": 4
  },
  "camera-infos": {
    "43238840-1f85-4458-a7a9-d4caaf0cf8b7": {
      "position": {
        "x": 406.51870299654763,
        "y": 820.8629424421085,
        "z": 5000
      },
      "rotation": {
        "x": 0,
        "y": 0,
        "z": 0,
        "w": 1
      },
      "viewCenter": {
        "x": 0,
        "y": 0,
        "z": 0
      },
      "contentRect": {
        "x": -506.41157685661153,
        "y": 251.3547114365327,
        "width": 136.36811594202908,
        "height": 611
      },
      "scale": 0.5153569062237601
    },
    "c77ecaa8-c936-46c4-a5b0-98692673ed87": {
      "position": {
        "x": 320,
        "y": 479.99999999999994,
        "z": 5000
      },
      "rotation": {
        "x": 0,
        "y": 0,
        "z": 0,
        "w": 1
      },
      "viewCenter": {
        "x": 0,
        "y": 0,
        "z": 0
      },
      "contentRect": {
        "x": 426.7676767676768,
        "y": 15.151515151515266,
        "width": 1485,
        "height": 990
      },
      "scale": 0.99
    },
    "f18df699-8e83-4ff8-8581-bafeb09047b7": {
      "position": {
        "x": 349.363340508037,
        "y": 613.0861069564384,
        "z": 5000
      },
      "rotation": {
        "x": 0,
        "y": 0,
        "z": 0,
        "w": 1
      },
      "viewCenter": {
        "x": 0,
        "y": 0,
        "z": 0
      },
      "contentRect": {
        "x": 0,
        "y": 0,
        "width": 982.125,
        "height": 582
      },
      "scale": 0.9831081081081081
    }
  },
  "camera-uuids": [
    "43238840-1f85-4458-a7a9-d4caaf0cf8b7",
    "c77ecaa8-c936-46c4-a5b0-98692673ed87",
    "f18df699-8e83-4ff8-8581-bafeb09047b7"
  ],
  "camera": {
    "color": [
      48,
      48,
      48,
      255
    ],
    "fov": 45,
    "far": 10000,
    "near": 0.01,
    "wheelSpeed": 0.01,
    "wanderSpeed": 10,
    "enableAcceleration": true,
    "size": "__default_design__",
    "far2D": 10000,
    "near2D": 1,
    "wheelSpeed2D": 6,
    "iso": 0,
    "aperture": 19,
    "shutter": 7
  },
  "scene_view": {
    "isSceneLightOn": true,
    "output_device": "__default_design__"
  },
  "float-window": {
    "position": {
      "cc": {
        "Camera": {
          "dock": false,
          "top": null,
          "bottom": 10,
          "left": null,
          "right": 10
        }
      }
    }
  },
  "game-view": {
    "fps": 60,
    "devicesInfo": {
      "name": "i18n:scene.game_view.free_aspect",
      "type": "free",
      "width": 0,
      "height": 0
    }
  }
}
